time,AM,SINE
0,1,0
5e-07,0.909234,0.000197359
1e-06,0.818552,0.000789044
1.5e-06,0.728036,0.00177387
2e-06,0.637768,0.00314988
2.5e-06,0.547832,0.00491433
3e-06,0.458311,0.00706369
3.5e-06,0.369285,0.00959367
4e-06,0.280837,0.0124992
4.5e-06,0.193047,0.0157745
5e-06,0.105996,0.0194129
5.5e-06,0.0197635,0.0234072
6e-06,-0.0655715,0.0277494
6.5e-06,-0.149931,0.0324306
7e-06,-0.233237,0.0374414
7.5e-06,-0.315415,0.0427718
8e-06,-0.396388,0.0484108
8.5e-06,-0.476082,0.054347
9e-06,-0.554425,0.0605683
9.5e-06,-0.631345,0.067062
1e-05,-0.706771,0.0738147
1.05e-05,-0.780634,0.0808125
1.1e-05,-0.852867,0.088041
1.15e-05,-0.923404,0.0954852
1.2e-05,-0.99218,0.103129
1.25e-05,-1.05913,0.110958
1.3e-05,-1.1242,0.118954
1.35e-05,-1.18732,0.127101
1.4e-05,-1.24844,0.135381
1.45e-05,-1.3075,0.143777
1.5e-05,-1.36444,0.15227
1.55e-05,-1.41923,0.160843
1.6e-05,-1.47179,0.169476
1.65e-05,-1.5221,0.178151
1.7e-05,-1.57009,0.186848
1.75e-05,-1.61574,0.195548
1.8e-05,-1.65898,0.204231
1.85e-05,-1.6998,0.212877
1.9e-05,-1.73814,0.221467
1.95e-05,-1.77397,0.229981
2e-05,-1.80726,0.238398
2.05e-05,-1.83799,0.246698
2.1e-05,-1.86611,0.254862
2.15e-05,-1.89161,0.262869
2.2e-05,-1.91447,0.270699
2.25e-05,-1.93465,0.278333
2.3e-05,-1.95215,0.28575
2.35e-05,-1.96694,0.292932
2.4e-05,-1.97902,0.299858
2.45e-05,-1.98837,0.30651
2.5e-05,-1.99499,0.312869
2.55e-05,-1.99886,0.318916
2.6e-05,-1.99999,0.324632
2.65e-05,-1.99837,0.330001
2.7e-05,-1.994,0.335004
2.75e-05,-1.9869,0.339625
2.8e-05,-1.97706,0.343846
2.85e-05,-1.96449,0.347651
2.9e-05,-1.94921,0.351026
2.95e-05,-1.93123,0.353954
3e-05,-1.91056,0.35642
3.05e-05,-1.88723,0.358412
3.1e-05,-1.86126,0.359915
3.15e-05,-1.83267,0.360917
3.2e-05,-1.80148,0.361406
3.25e-05,-1.76773,0.36137
3.3e-05,-1.73144,0.360798
3.35e-05,-1.69265,0.35968
3.4e-05,-1.6514,0.358007
3.45e-05,-1.60772,0.355771
3.5e-05,-1.56166,0.352963
3.55e-05,-1.51324,0.349577
3.6e-05,-1.46253,0.345607
3.65e-05,-1.40956,0.341047
3.7e-05,-1.35439,0.335893
3.75e-05,-1.29706,0.330142
3.8e-05,-1.23762,0.323789
3.85e-05,-1.17614,0.316835
3.9e-05,-1.11267,0.309277
3.95e-05,-1.04726,0.301116
4e-05,-0.979974,0.292352
4.05e-05,-0.910877,0.282988
4.1e-05,-0.840032,0.273026
4.15e-05,-0.767501,0.262469
4.2e-05,-0.693352,0.251323
4.25e-05,-0.617653,0.239592
4.3e-05,-0.540473,0.227283
4.35e-05,-0.461882,0.214403
4.4e-05,-0.381953,0.200961
4.45e-05,-0.300758,0.186965
4.5e-05,-0.218373,0.172426
4.55e-05,-0.134872,0.157355
4.6e-05,-0.0503318,0.141763
4.65e-05,0.0351699,0.125663
4.7e-05,0.121555,0.109069
4.75e-05,0.208744,0.0919961
4.8e-05,0.296658,0.0744584
4.85e-05,0.385216,0.0564725
4.9e-05,0.474337,0.0380555
4.95e-05,0.563939,0.0192251
5e-05,0.65394,3.6437e-15
5.05e-05,0.744258,-0.0196005
5.1e-05,0.834811,-0.0395563
5.15e-05,0.925514,-0.0598466
5.2e-05,1.01629,-0.0804498
5.25e-05,1.10704,-0.101344
5.3e-05,1.1977,-0.122505
5.35e-05,1.28818,-0.143911
5.4e-05,1.37839,-0.165538
5.45e-05,1.46826,-0.187359
5.5e-05,1.5577,-0.209352
5.55e-05,1.64663,-0.231488
5.6e-05,1.73496,-0.253743
5.65e-05,1.82263,-0.27609
5.7e-05,1.90954,-0.298501
5.75e-05,1.99561,-0.320948
5.8e-05,2.08078,-0.343405
5.85e-05,2.16496,-0.365843
5.9e-05,2.24807,-0.388234
5.95e-05,2.33003,-0.410548
6e-05,2.41078,-0.432756
6.05e-05,2.49024,-0.454831
6.1e-05,2.56833,-0.476741
6.15e-05,2.64499,-0.498459
6.2e-05,2.72014,-0.519953
6.25e-05,2.79371,-0.541196
6.3e-05,2.86565,-0.562157
6.35e-05,2.93587,-0.582807
6.4e-05,3.00433,-0.603117
6.45e-05,3.07094,-0.623057
6.5e-05,3.13567,-0.642599
6.55e-05,3.19843,-0.661713
6.6e-05,3.25919,-0.68037
6.65e-05,3.31787,-0.698543
6.7e-05,3.37443,-0.716204
6.75e-05,3.42882,-0.733324
6.8e-05,3.48099,-0.749876
6.85e-05,3.53088,-0.765835
6.9e-05,3.57846,-0.781172
6.95e-05,3.62367,-0.795862
7e-05,3.66649,-0.80988
7.05e-05,3.70686,-0.823202
7.1e-05,3.74475,-0.835802
7.15e-05,3.78013,-0.847658
7.2e-05,3.81297,-0.858746
7.25e-05,3.84323,-0.869046
7.3e-05,3.87088,-0.878534
7.35e-05,3.89591,-0.887191
7.4e-05,3.91828,-0.894997
7.45e-05,3.93799,-0.901933
7.5e-05,3.955,-0.907981
7.55e-05,3.96931,-0.913124
7.6e-05,3.9809,-0.917346
7.65e-05,3.98976,-0.920631
7.7e-05,3.99589,-0.922966
7.75e-05,3.99927,-0.924338
7.8e-05,3.9999,-0.924733
7.85e-05,3.99779,-0.924141
7.9e-05,3.99293,-0.922553
7.95e-05,3.98533,-0.919958
8e-05,3.975,-0.91635
8.05e-05,3.96195,-0.911722
8.1e-05,3.94618,-0.906067
8.15e-05,3.92772,-0.899383
8.2e-05,3.90657,-0.891666
8.25e-05,3.88277,-0.882914
8.3e-05,3.85632,-0.873126
8.35e-05,3.82726,-0.862303
8.4e-05,3.79561,-0.850446
8.45e-05,3.7614,-0.837559
8.5e-05,3.72467,-0.823646
8.55e-05,3.68543,-0.808713
8.6e-05,3.64374,-0.792765
8.65e-05,3.59963,-0.775811
8.7e-05,3.55314,-0.757861
8.75e-05,3.50431,-0.738925
8.8e-05,3.45319,-0.719014
8.85e-05,3.39982,-0.698141
8.9e-05,3.34426,-0.676321
8.95e-05,3.28655,-0.653569
9e-05,3.22674,-0.629902
9.05e-05,3.1649,-0.605338
9.1e-05,3.10107,-0.579895
9.15e-05,3.03532,-0.553593
9.2e-05,2.96771,-0.526455
9.25e-05,2.89829,-0.498502
9.3e-05,2.82714,-0.469759
9.35e-05,2.75432,-0.440249
9.4e-05,2.67988,-0.409999
9.45e-05,2.60391,-0.379036
9.5e-05,2.52648,-0.347387
9.55e-05,2.44764,-0.315081
9.6e-05,2.36748,-0.282148
9.65e-05,2.28606,-0.248619
9.7e-05,2.20347,-0.214526
9.75e-05,2.11978,-0.179901
9.8e-05,2.03506,-0.144778
9.85e-05,1.9494,-0.109191
9.9e-05,1.86286,-0.0731749
9.95e-05,1.77553,-0.0367657
0.0001,1.6875,-1.69938e-14
0.0001005,1.59883,0.037085
0.000101,1.50962,0.0744516
0.0001015,1.41994,0.112061
0.000102,1.32988,0.149875
0.0001025,1.23951,0.187853
0.000103,1.14893,0.225955
0.0001035,1.0582,0.264142
0.000104,0.967429,0.302372
0.0001045,0.876683,0.340604
0.000105,0.786051,0.378797
0.0001055,0.695614,0.416909
0.000106,0.605456,0.454899
0.0001065,0.51566,0.492723
0.000107,0.426307,0.53034
0.0001075,0.337479,0.567708
0.000108,0.249257,0.604785
0.0001085,0.161723,0.641528
0.000109,0.0749571,0.677896
0.0001095,-0.0109624,0.713846
0.00011,-0.0959562,0.749337
0.0001105,-0.179947,0.784327
0.000111,-0.262857,0.818774
0.0001115,-0.34461,0.852639
0.000112,-0.425133,0.885881
0.0001125,-0.504351,0.918458
0.000113,-0.582192,0.950333
0.0001135,-0.658583,0.981465
0.000114,-0.733457,1.01182
0.0001145,-0.806743,1.04135
0.000115,-0.878375,1.07003
0.0001155,-0.948287,1.09781
0.000116,-1.01642,1.12466
0.0001165,-1.0827,1.15056
0.000117,-1.14707,1.17545
0.0001175,-1.20948,1.19932
0.000118,-1.26987,1.22212
0.0001185,-1.32818,1.24383
0.000119,-1.38435,1.26441
0.0001195,-1.43835,1.28384
0.00012,-1.49011,1.30209
0.0001205,-1.53959,1.31912
0.000121,-1.58674,1.33493
0.0001215,-1.63153,1.34947
0.000122,-1.67391,1.36273
0.0001225,-1.71384,1.37469
0.000123,-1.75128,1.38532
0.0001235,-1.78621,1.39461
0.000124,-1.81858,1.40253
0.0001245,-1.84838,1.40907
0.000125,-1.87557,1.41421
0.0001255,-1.90012,1.41795
0.000126,-1.92202,1.42026
0.0001265,-1.94124,1.42114
0.000127,-1.95777,1.42058
0.0001275,-1.97159,1.41857
0.000128,-1.98269,1.4151
0.0001285,-1.99106,1.41017
0.000129,-1.99669,1.40377
0.0001295,-1.99958,1.39591
0.00013,-1.99972,1.38658
0.0001305,-1.99712,1.37579
0.000131,-1.99177,1.36353
0.0001315,-1.98368,1.34981
0.000132,-1.97286,1.33464
0.0001325,-1.95932,1.31803
0.000133,-1.94307,1.29999
0.0001335,-1.92412,1.28052
0.000134,-1.9025,1.25964
0.0001345,-1.87822,1.23736
0.000135,-1.8513,1.21371
0.0001355,-1.82177,1.18869
0.000136,-1.78966,1.16232
0.0001365,-1.755,1.13463
0.000137,-1.71781,1.10564
0.0001375,-1.67814,1.07538
0.000138,-1.63601,1.04386
0.0001385,-1.59147,1.01111
0.000139,-1.54455,0.977162
0.0001395,-1.49531,0.942047
0.00014,-1.44378,0.905793
0.0001405,-1.39002,0.868432
0.000141,-1.33406,0.829999
0.0001415,-1.27597,0.790528
0.000142,-1.2158,0.750054
0.0001425,-1.15359,0.708616
0.000143,-1.08942,0.666252
0.0001435,-1.02333,0.623001
0.000144,-0.955387,0.578904
0.0001445,-0.885655,0.534004
0.000145,-0.814198,0.488343
0.0001455,-0.741079,0.441965
0.000146,-0.666366,0.394915
0.0001465,-0.590127,0.347239
0.000147,-0.512433,0.298984
0.0001475,-0.433353,0.250196
0.000148,-0.352962,0.200926
0.0001485,-0.271331,0.151221
0.000149,-0.188537,0.101131
0.0001495,-0.104654,0.0507074
0.00015,-0.01976,-3.96444e-14
0.0001505,0.0660678,-0.0509394
0.000151,0.152751,-0.102059
0.0001515,0.240209,-0.153306
0.000152,0.328363,-0.204629
0.0001525,0.417133,-0.255974
0.000153,0.506435,-0.307287
0.0001535,0.59619,-0.358517
0.000154,0.686315,-0.409608
0.0001545,0.776726,-0.460509
0.000155,0.867342,-0.511164
0.0001555,0.95808,-0.561521
0.000156,1.04886,-0.611525
0.0001565,1.13959,-0.661125
0.000157,1.23019,-0.710267
0.0001575,1.32058,-0.758897
0.000158,1.41068,-0.806964
0.0001585,1.50041,-0.854416
0.000159,1.58967,-0.901201
0.0001595,1.6784,-0.947268
0.00016,1.7665,-0.992567
0.0001605,1.8539,-1.03705
0.000161,1.94052,-1.08066
0.0001615,2.02628,-1.12336
0.000162,2.1111,-1.16509
0.0001625,2.1949,-1.20582
0.000163,2.27761,-1.24548
0.0001635,2.35915,-1.28405
0.000164,2.43944,-1.32147
0.0001645,2.51842,-1.35771
0.000165,2.59601,-1.39271
0.0001655,2.67213,-1.42644
0.000166,2.74672,-1.45887
0.0001665,2.81972,-1.48995
0.000167,2.89105,-1.51964
0.0001675,2.96064,-1.54791
0.000168,3.02844,-1.57473
0.0001685,3.09439,-1.60006
0.000169,3.15842,-1.62388
0.0001695,3.22047,-1.64614
0.00017,3.28048,-1.66683
0.0001705,3.33841,-1.68592
0.000171,3.3942,-1.70338
0.0001715,3.4478,-1.71919
0.000172,3.49915,-1.73333
0.0001725,3.54822,-1.74577
0.000173,3.59495,-1.7565
0.0001735,3.63931,-1.76551
0.000174,3.68125,-1.77277
0.0001745,3.72074,-1.77827
0.000175,3.75774,-1.78201
0.0001755,3.79221,-1.78398
0.000176,3.82412,-1.78416
0.0001765,3.85345,-1.78255
0.000177,3.88016,-1.77914
0.0001775,3.90424,-1.77394
0.000178,3.92566,-1.76695
0.0001785,3.9444,-1.75816
0.000179,3.96045,-1.74758
0.0001795,3.97378,-1.73522
0.00018,3.9844,-1.72108
0.0001805,3.99227,-1.70518
0.000181,3.99741,-1.68752
0.0001815,3.99981,-1.66811
0.000182,3.99946,-1.64698
0.0001825,3.99636,-1.62413
0.000183,3.99052,-1.5996
0.0001835,3.98194,-1.57339
0.000184,3.97063,-1.54553
0.0001845,3.9566,-1.51604
0.000185,3.93987,-1.48496
0.0001855,3.92044,-1.4523
0.000186,3.89834,-1.4181
0.0001865,3.87358,-1.38239
0.000187,3.84619,-1.3452
0.0001875,3.8162,-1.30656
0.000188,3.78363,-1.26652
0.0001885,3.74851,-1.2251
0.000189,3.71087,-1.18235
0.0001895,3.67076,-1.13831
0.00019,3.62819,-1.09302
0.0001905,3.58322,-1.04652
0.000191,3.53589,-0.998857
0.0001915,3.48623,-0.95008
0.000192,3.4343,-0.900233
0.0001925,3.38014,-0.849365
0.000193,3.3238,-0.797527
0.0001935,3.26533,-0.744769
0.000194,3.20478,-0.691142
0.0001945,3.14222,-0.6367
0.000195,3.0777,-0.581496
0.0001955,3.01127,-0.525586
0.000196,2.94301,-0.469024
0.0001965,2.87296,-0.411868
0.000197,2.8012,-0.354174
0.0001975,2.72779,-0.296001
0.000198,2.6528,-0.237406
0.0001985,2.57629,-0.178449
0.000199,2.49835,-0.119188
0.0001995,2.41903,-0.0596855
0.0002,2.33841,1.91662e-13
0.0002005,2.25656,0.0598075
0.000201,2.17357,0.119676
0.0002015,2.0895,0.179545
0.000202,2.00443,0.239353
0.0002025,1.91844,0.299038
0.000203,1.83161,0.35854
0.0002035,1.74402,0.417797
0.000204,1.65575,0.476749
0.0002045,1.56688,0.535335
0.000205,1.47749,0.593494
0.0002055,1.38767,0.651166
0.000206,1.29748,0.708292
0.0002065,1.20703,0.764812
0.000207,1.11639,0.820667
0.0002075,1.02564,0.8758
0.000208,0.934861,0.930152
0.0002085,0.844147,0.983668
0.000209,0.753575,1.03629
0.0002095,0.663229,1.08797
0.00021,0.573191,1.13864
0.0002105,0.483544,1.18825
0.000211,0.39437,1.23676
0.0002115,0.305751,1.28411
0.000212,0.217767,1.33026
0.0002125,0.130499,1.37514
0.000213,0.0440273,1.41872
0.0002135,-0.0415691,1.46094
0.000214,-0.126212,1.50177
0.0002145,-0.209823,1.54116
0.000215,-0.292327,1.57907
0.0002155,-0.373648,1.61545
0.000216,-0.453711,1.65027
0.0002165,-0.532443,1.68349
0.000217,-0.609772,1.71507
0.0002175,-0.685626,1.74499
0.000218,-0.759938,1.7732
0.0002185,-0.832638,1.79968
0.000219,-0.903661,1.82439
0.0002195,-0.97294,1.84731
0.00022,-1.04041,1.86842
0.0002205,-1.10602,1.88769
0.000221,-1.16969,1.9051
0.0002215,-1.23138,1.92062
0.000222,-1.29103,1.93425
0.0002225,-1.34858,1.94596
0.000223,-1.40398,1.95574
0.0002235,-1.45718,1.96359
0.000224,-1.50813,1.96948
0.0002245,-1.55678,1.97341
0.000225,-1.60309,1.97538
0.0002255,-1.64702,1.97537
0.000226,-1.68852,1.9734
0.0002265,-1.72756,1.96946
0.000227,-1.76411,1.96355
0.0002275,-1.79812,1.95567
0.000228,-1.82957,1.94584
0.0002285,-1.85843,1.93405
0.000229,-1.88468,1.92033
0.0002295,-1.90828,1.90468
0.00023,-1.92922,1.88711
0.0002305,-1.94748,1.86766
0.000231,-1.96304,1.84632
0.0002315,-1.97589,1.82312
0.000232,-1.98601,1.79809
0.0002325,-1.9934,1.77125
0.000233,-1.99805,1.74262
0.0002335,-1.99995,1.71224
0.000234,-1.9991,1.68013
0.0002345,-1.99551,1.64632
0.000235,-1.98918,1.61085
0.0002355,-1.98011,1.57376
0.000236,-1.96831,1.53507
0.0002365,-1.9538,1.49483
0.000237,-1.93658,1.45308
0.0002375,-1.91667,1.40985
0.000238,-1.89409,1.3652
0.0002385,-1.86886,1.31917
0.000239,-1.841,1.2718
0.0002395,-1.81055,1.22315
0.00024,-1.77752,1.17325
0.0002405,-1.74194,1.12216
0.000241,-1.70386,1.06994
0.0002415,-1.6633,1.01663
0.000242,-1.6203,0.96229
0.0002425,-1.5749,0.906973
0.000243,-1.52715,0.850735
0.0002435,-1.47708,0.793633
0.000244,-1.42474,0.735726
0.0002445,-1.37019,0.677071
0.000245,-1.31346,0.617729
0.0002455,-1.25462,0.557759
0.000246,-1.19371,0.497223
0.0002465,-1.13079,0.436181
0.000247,-1.06592,0.374696
0.0002475,-0.99916,0.31283
0.000248,-0.93057,0.250647
0.0002485,-0.860211,0.188208
0.000249,-0.78815,0.125579
0.0002495,-0.714451,0.0628212
0.00025,-0.639183,-3.54047e-13
0.0002505,-0.562414,-0.0628212
0.000251,-0.484214,-0.125579
0.0002515,-0.404656,-0.188208
0.000252,-0.323811,-0.250647
0.0002525,-0.241754,-0.31283
0.000253,-0.15856,-0.374696
0.0002535,-0.074306,-0.436181
0.000254,0.010932,-0.497223
0.0002545,0.0970757,-0.557759
0.000255,0.184046,-0.617729
0.0002555,0.271763,-0.677071
0.000256,0.360148,-0.735726
0.0002565,0.449118,-0.793633
0.000257,0.538592,-0.850735
0.0002575,0.628489,-0.906973
0.000258,0.718726,-0.96229
0.0002585,0.809221,-1.01663
0.000259,0.89989,-1.06994
0.0002595,0.990651,-1.12216
0.00026,1.08142,-1.17325
0.0002605,1.17211,-1.22315
0.000261,1.26265,-1.2718
0.0002615,1.35295,-1.31917
0.000262,1.44292,-1.3652
0.0002625,1.53249,-1.40985
0.000263,1.62157,-1.45308
0.0002635,1.71008,-1.49483
0.000264,1.79794,-1.53507
0.0002645,1.88508,-1.57376
0.000265,1.9714,-1.61085
0.0002655,2.05683,-1.64632
0.000266,2.14129,-1.68013
0.0002665,2.22471,-1.71224
0.000267,2.30701,-1.74262
0.0002675,2.38811,-1.77125
0.000268,2.46794,-1.79809
0.0002685,2.54642,-1.82312
0.000269,2.62349,-1.84632
0.0002695,2.69907,-1.86766
0.00027,2.7731,-1.88711
0.0002705,2.84551,-1.90468
0.000271,2.91622,-1.92033
0.0002715,2.98518,-1.93405
0.000272,3.05232,-1.94584
0.0002725,3.11759,-1.95567
0.000273,3.18091,-1.96355
0.0002735,3.24224,-1.96946
0.000274,3.30151,-1.9734
0.0002745,3.35868,-1.97537
0.000275,3.41369,-1.97538
0.0002755,3.46648,-1.97341
0.000276,3.51702,-1.96948
0.0002765,3.56526,-1.96359
0.000277,3.61115,-1.95574
0.0002775,3.65464,-1.94596
0.000278,3.69571,-1.93425
0.0002785,3.7343,-1.92062
0.000279,3.7704,-1.9051
0.0002795,3.80395,-1.88769
0.00028,3.83494,-1.86842
0.0002805,3.86334,-1.84731
0.000281,3.88911,-1.82439
0.0002815,3.91224,-1.79968
0.000282,3.9327,-1.7732
0.0002825,3.95047,-1.74499
0.000283,3.96555,-1.71507
0.0002835,3.97791,-1.68349
0.000284,3.98754,-1.65027
0.0002845,3.99443,-1.61545
0.000285,3.99859,-1.57907
0.0002855,4,-1.54116
0.000286,3.99866,-1.50177
0.0002865,3.99458,-1.46094
0.000287,3.98776,-1.41872
0.0002875,3.9782,-1.37514
0.000288,3.96591,-1.33026
0.0002885,3.95091,-1.28411
0.000289,3.9332,-1.23676
0.0002895,3.91281,-1.18825
0.00029,3.88976,-1.13864
0.0002905,3.86406,-1.08797
0.000291,3.83573,-1.03629
0.0002915,3.80481,-0.983668
0.000292,3.77132,-0.930152
0.0002925,3.73529,-0.8758
0.000293,3.69676,-0.820667
0.0002935,3.65576,-0.764812
0.000294,3.61233,-0.708292
0.0002945,3.56651,-0.651166
0.000295,3.51834,-0.593494
0.0002955,3.46786,-0.535335
0.000296,3.41512,-0.476749
0.0002965,3.36017,-0.417797
0.000297,3.30306,-0.35854
0.0002975,3.24384,-0.299038
0.000298,3.18257,-0.239353
0.0002985,3.11929,-0.179545
0.000299,3.05408,-0.119676
0.0002995,2.98699,-0.0598075
0.0003,2.91808,4.85154e-13
0.0003005,2.84741,0.0596855
0.000301,2.77505,0.119188
0.0003015,2.70106,0.178449
0.000302,2.62552,0.237406
0.0003025,2.54849,0.296001
0.000303,2.47004,0.354174
0.0003035,2.39024,0.411868
0.000304,2.30918,0.469024
0.0003045,2.22691,0.525586
0.000305,2.14352,0.581496
0.0003055,2.05908,0.6367
0.000306,1.97368,0.691142
0.0003065,1.88738,0.744769
0.000307,1.80027,0.797527
0.0003075,1.71243,0.849365
0.000308,1.62393,0.900233
0.0003085,1.53487,0.95008
0.000309,1.44531,0.998857
0.0003095,1.35535,1.04652
0.00031,1.26506,1.09302
0.0003105,1.17452,1.13831
0.000311,1.08383,1.18235
0.0003115,0.993063,1.2251
0.000312,0.902301,1.26652
0.0003125,0.811628,1.30656
0.000313,0.721128,1.3452
0.0003135,0.630883,1.38239
0.000314,0.540976,1.4181
0.0003145,0.45149,1.4523
0.000315,0.362505,1.48496
0.0003155,0.274104,1.51604
0.000316,0.186368,1.54553
0.0003165,0.0993768,1.57339
0.000317,0.0132102,1.5996
0.0003175,-0.072053,1.62413
0.000318,-0.156335,1.64698
0.0003185,-0.239557,1.66811
0.000319,-0.321645,1.68752
0.0003195,-0.402523,1.70518
0.00032,-0.482117,1.72108
0.0003205,-0.560354,1.73522
0.000321,-0.637162,1.74758
0.0003215,-0.712471,1.75816
0.000322,-0.786212,1.76695
0.0003225,-0.858318,1.77394
0.000323,-0.928722,1.77914
0.0003235,-0.997361,1.78255
0.000324,-1.06417,1.78416
0.0003245,-1.12909,1.78398
0.000325,-1.19206,1.78201
0.0003255,-1.25302,1.77827
0.000326,-1.31192,1.77277
0.0003265,-1.36871,1.76551
0.000327,-1.42332,1.7565
0.0003275,-1.47572,1.74577
0.000328,-1.52585,1.73333
0.0003285,-1.57367,1.71919
0.000329,-1.61913,1.70338
0.0003295,-1.66219,1.68592
0.00033,-1.70281,1.66683
0.0003305,-1.74096,1.64614
0.000331,-1.7766,1.62388
0.0003315,-1.8097,1.60006
0.000332,-1.84023,1.57473
0.0003325,-1.86815,1.54791
0.000333,-1.89345,1.51964
0.0003335,-1.9161,1.48995
0.000334,-1.93608,1.45887
0.0003345,-1.95338,1.42644
0.000335,-1.96796,1.39271
0.0003355,-1.97983,1.35771
0.000336,-1.98898,1.32147
0.0003365,-1.99538,1.28405
0.000337,-1.99904,1.24548
0.0003375,-1.99996,1.20582
0.000338,-1.99813,1.16509
0.0003385,-1.99356,1.12336
0.000339,-1.98624,1.08066
0.0003395,-1.97619,1.03705
0.00034,-1.96342,0.992567
0.0003405,-1.94793,0.947268
0.000341,-1.92974,0.901201
0.0003415,-1.90887,0.854416
0.000342,-1.88534,0.806964
0.0003425,-1.85917,0.758897
0.000343,-1.83037,0.710267
0.0003435,-1.79899,0.661125
0.000344,-1.76504,0.611525
0.0003445,-1.72857,0.561521
0.000345,-1.68959,0.511164
0.0003455,-1.64815,0.460509
0.000346,-1.60429,0.409608
0.0003465,-1.55804,0.358517
0.000347,-1.50945,0.307287
0.0003475,-1.45856,0.255974
0.000348,-1.40542,0.204629
0.0003485,-1.35008,0.153306
0.000349,-1.29259,0.102059
0.0003495,-1.233,0.0509394
0.00035,-1.17136,-5.33215e-13
0.0003505,-1.10774,-0.0507074
0.000351,-1.04218,-0.101131
0.0003515,-0.974757,-0.151221
0.000352,-0.905525,-0.200926
0.0003525,-0.834548,-0.250196
0.000353,-0.761891,-0.298984
0.0003535,-0.687622,-0.347239
0.000354,-0.611807,-0.394915
0.0003545,-0.534516,-0.441965
0.000355,-0.455821,-0.488343
0.0003555,-0.375792,-0.534004
0.000356,-0.294504,-0.578904
0.0003565,-0.212031,-0.623001
0.000357,-0.128448,-0.666252
0.0003575,-0.0438314,-0.708616
0.000358,0.0417406,-0.750054
0.0003585,0.12819,-0.790528
0.000359,0.215438,-0.829999
0.0003595,0.303404,-0.868432
0.00036,0.392007,-0.905793
0.0003605,0.481168,-0.942047
0.000361,0.570803,-0.977162
0.0003615,0.660832,-1.01111
0.000362,0.75117,-1.04386
0.0003625,0.841737,-1.07538
0.000363,0.932449,-1.10564
0.0003635,1.02322,-1.13463
0.000364,1.11397,-1.16232
0.0003645,1.20462,-1.18869
0.000365,1.29508,-1.21371
0.0003655,1.38527,-1.23736
0.000366,1.47511,-1.25964
0.0003665,1.56451,-1.28052
0.000367,1.6534,-1.29999
0.0003675,1.74169,-1.31803
0.000368,1.8293,-1.33464
0.0003685,1.91614,-1.34981
0.000369,2.00215,-1.36353
0.0003695,2.08725,-1.37579
0.00037,2.17135,-1.38658
0.0003705,2.25437,-1.39591
0.000371,2.33625,-1.40377
0.0003715,2.4169,-1.41017
0.000372,2.49625,-1.4151
0.0003725,2.57424,-1.41857
0.000373,2.65078,-1.42058
0.0003735,2.72582,-1.42114
0.000374,2.79927,-1.42026
0.0003745,2.87108,-1.41795
0.000375,2.94117,-1.41421
0.0003755,3.00948,-1.40907
0.000376,3.07596,-1.40253
0.0003765,3.14053,-1.39461
0.000377,3.20315,-1.38532
0.0003775,3.26374,-1.37469
0.000378,3.32227,-1.36273
0.0003785,3.37867,-1.34947
0.000379,3.43289,-1.33493
0.0003795,3.48488,-1.31912
0.00038,3.5346,-1.30209
0.0003805,3.582,-1.28384
0.000381,3.62703,-1.26441
0.0003815,3.66966,-1.24383
0.000382,3.70984,-1.22212
0.0003825,3.74754,-1.19932
0.000383,3.78273,-1.17545
0.0003835,3.81537,-1.15056
0.000384,3.84543,-1.12466
0.0003845,3.87289,-1.09781
0.000385,3.89771,-1.07003
0.0003855,3.91989,-1.04135
0.000386,3.93938,-1.01182
0.0003865,3.95619,-0.981465
0.000387,3.97029,-0.950333
0.0003875,3.98168,-0.918458
0.000388,3.99033,-0.885881
0.0003885,3.99624,-0.852639
0.000389,3.99941,-0.818774
0.0003895,3.99984,-0.784327
0.00039,3.99751,-0.749337
0.0003905,3.99245,-0.713846
0.000391,3.98464,-0.677896
0.0003915,3.9741,-0.641528
0.000392,3.96084,-0.604785
0.0003925,3.94487,-0.567708
0.000393,3.9262,-0.53034
0.0003935,3.90485,-0.492723
0.000394,3.88084,-0.454899
0.0003945,3.85419,-0.416909
0.000395,3.82493,-0.378797
0.0003955,3.79309,-0.340604
0.000396,3.75868,-0.302372
0.0003965,3.72176,-0.264142
0.000397,3.68234,-0.225955
0.0003975,3.64046,-0.187853
0.000398,3.59616,-0.149875
0.0003985,3.54949,-0.112061
0.000399,3.50049,-0.0744516
0.0003995,3.44919,-0.037085
0.0004,3.39565,4.79142e-13
0.0004005,3.33992,0.0367657
0.000401,3.28205,0.0731749
0.0004015,3.22209,0.109191
0.000402,3.16009,0.144778
0.0004025,3.09612,0.179901
0.000403,3.03022,0.214526
0.0004035,2.96247,0.248619
0.000404,2.89292,0.282148
0.0004045,2.82163,0.315081
0.000405,2.74868,0.347387
0.0004055,2.67413,0.379036
0.000406,2.59805,0.409999
0.0004065,2.5205,0.440249
0.000407,2.44156,0.469759
0.0004075,2.3613,0.498502
0.000408,2.27979,0.526455
0.0004085,2.19712,0.553593
0.000409,2.11334,0.579895
0.0004095,2.02855,0.605338
0.00041,1.94281,0.629902
0.0004105,1.85621,0.653569
0.000411,1.76883,0.676321
0.0004115,1.68075,0.698141
0.000412,1.59204,0.719014
0.0004125,1.50278,0.738925
0.000413,1.41307,0.757861
0.0004135,1.32298,0.775811
0.000414,1.2326,0.792765
0.0004145,1.142,0.808713
0.000415,1.05127,0.823646
0.0004155,0.960492,0.837559
0.000416,0.869753,0.850446
0.0004165,0.779132,0.862303
0.000417,0.688714,0.873126
0.0004175,0.598581,0.882914
0.000418,0.508815,0.891666
0.0004185,0.4195,0.899383
0.000419,0.330715,0.906067
0.0004195,0.242544,0.911722
0.00042,0.155065,0.91635
0.0004205,0.0683609,0.919958
0.000421,-0.0174906,0.922553
0.0004215,-0.10241,0.924141
0.000422,-0.186321,0.924733
0.0004225,-0.269145,0.924338
0.000423,-0.350808,0.922966
0.0004235,-0.431233,0.920631
0.000424,-0.510348,0.917346
0.0004245,-0.588081,0.913124
0.000425,-0.664359,0.907981
0.0004255,-0.739113,0.901933
0.000426,-0.812276,0.894997
0.0004265,-0.883778,0.887191
0.000427,-0.953556,0.878534
0.0004275,-1.02155,0.869046
0.000428,-1.08768,0.858746
0.0004285,-1.15191,0.847658
0.000429,-1.21417,0.835802
0.0004295,-1.2744,0.823202
0.00043,-1.33254,0.80988
0.0004305,-1.38856,0.795862
0.000431,-1.44238,0.781172
0.0004315,-1.49397,0.765835
0.000432,-1.54327,0.749876
0.0004325,-1.59025,0.733324
0.000433,-1.63485,0.716204
0.0004335,-1.67705,0.698543
0.000434,-1.71679,0.68037
0.0004345,-1.75404,0.661713
0.000435,-1.78877,0.642599
0.0004355,-1.82095,0.623057
0.000436,-1.85055,0.603117
0.0004365,-1.87753,0.582807
0.000437,-1.90189,0.562157
0.0004375,-1.92358,0.541196
0.000438,-1.9426,0.519953
0.0004385,-1.95892,0.498459
0.000439,-1.97254,0.476741
0.0004395,-1.98343,0.454831
0.00044,-1.99159,0.432756
0.0004405,-1.99701,0.410548
0.000441,-1.99969,0.388234
0.0004415,-1.99962,0.365843
0.000442,-1.99681,0.343405
0.0004425,-1.99125,0.320948
0.000443,-1.98295,0.298501
0.0004435,-1.97192,0.27609
0.000444,-1.95817,0.253743
0.0004445,-1.94171,0.231488
0.000445,-1.92256,0.209352
0.0004455,-1.90074,0.187359
0.000446,-1.87625,0.165538
0.0004465,-1.84914,0.143911
0.000447,-1.81941,0.122505
0.0004475,-1.7871,0.101344
0.000448,-1.75224,0.0804498
0.0004485,-1.71487,0.0598466
0.000449,-1.675,0.0395563
0.0004495,-1.63269,0.0196005
0.00045,-1.58796,-2.97934e-13
0.0004505,-1.54087,-0.0192251
0.000451,-1.49145,-0.0380555
0.0004515,-1.43975,-0.0564725
0.000452,-1.38582,-0.0744584
0.0004525,-1.3297,-0.0919961
0.000453,-1.27144,-0.109069
0.0004535,-1.21111,-0.125663
0.000454,-1.14876,-0.141763
0.0004545,-1.08443,-0.157355
0.000455,-1.0182,-0.172426
0.0004555,-0.950121,-0.186965
0.000456,-0.880255,-0.200961
0.0004565,-0.808668,-0.214403
0.000457,-0.735425,-0.227283
0.0004575,-0.660593,-0.239592
0.000458,-0.584241,-0.251323
0.0004585,-0.506438,-0.262469
0.000459,-0.427256,-0.273026
0.0004595,-0.346767,-0.282988
0.00046,-0.265045,-0.292352
0.0004605,-0.182165,-0.301116
0.000461,-0.0982019,-0.309277
0.0004615,-0.0132337,-0.316835
0.000462,0.0726622,-0.323789
0.0004625,0.159407,-0.330142
0.000463,0.246922,-0.335893
0.0004635,0.335126,-0.341047
0.000464,0.423939,-0.345607
0.0004645,0.513279,-0.349577
0.000465,0.603065,-0.352963
0.0004655,0.693214,-0.355771
0.000466,0.783644,-0.358007
0.0004665,0.874273,-0.35968
0.000467,0.965016,-0.360798
0.0004675,1.05579,-0.36137
0.000468,1.14652,-0.361406
0.0004685,1.23711,-0.360917
0.000469,1.32748,-0.359915
0.0004695,1.41755,-0.358412
0.00047,1.50724,-0.35642
0.0004705,1.59647,-0.353954
0.000471,1.68515,-0.351026
0.0004715,1.7732,-0.347651
0.000472,1.86055,-0.343846
0.0004725,1.94711,-0.339625
0.000473,2.0328,-0.335004
0.0004735,2.11754,-0.330001
0.000474,2.20126,-0.324632
0.0004745,2.28388,-0.318916
0.000475,2.36533,-0.312869
0.0004755,2.44553,-0.30651
0.000476,2.5244,-0.299858
0.0004765,2.60187,-0.292932
0.000477,2.67788,-0.28575
0.0004775,2.75236,-0.278333
0.000478,2.82523,-0.270699
0.0004785,2.89643,-0.262869
0.000479,2.96589,-0.254862
0.0004795,3.03355,-0.246698
0.00048,3.09935,-0.238398
0.0004805,3.16323,-0.229981
0.000481,3.22512,-0.221467
0.0004815,3.28498,-0.212877
0.000482,3.34275,-0.204231
0.0004825,3.39837,-0.195548
0.000483,3.4518,-0.186848
0.0004835,3.50298,-0.178151
0.000484,3.55187,-0.169476
0.0004845,3.59843,-0.160843
0.000485,3.6426,-0.15227
0.0004855,3.68436,-0.143777
0.000486,3.72366,-0.135381
0.0004865,3.76046,-0.127101
0.000487,3.79474,-0.118954
0.0004875,3.82645,-0.110958
0.000488,3.85558,-0.103129
0.0004885,3.8821,-0.0954852
0.000489,3.90597,-0.088041
0.0004895,3.92719,-0.0808125
0.00049,3.94573,-0.0738147
0.0004905,3.96156,-0.067062
0.000491,3.97469,-0.0605683
0.0004915,3.98509,-0.054347
0.000492,3.99276,-0.0484108
0.0004925,3.99769,-0.0427718
0.000493,3.99988,-0.0374414
0.0004935,3.99932,-0.0324306
0.000494,3.99601,-0.0277494
0.0004945,3.98996,-0.0234072
0.000495,3.98117,-0.0194129
0.0004955,3.96966,-0.0157745
0.000496,3.95542,-0.0124992
0.0004965,3.93848,-0.00959367
0.000497,3.91884,-0.00706369
0.0004975,3.89654,-0.00491433
0.000498,3.87158,-0.00314988
0.0004985,3.84399,-0.00177387
0.000499,3.8138,-0.000789044
0.0004995,3.78104,-0.000197359
0.0005,3.74572,-4.53468e-26
0.0005005,3.7079,-0.000197359
0.000501,3.66759,-0.000789044
0.0005015,3.62484,-0.00177387
0.000502,3.57969,-0.00314988
0.0005025,3.53218,-0.00491433
0.000503,3.48234,-0.00706369
0.0005035,3.43024,-0.00959367
0.000504,3.37591,-0.0124992
0.0005045,3.3194,-0.0157745
0.000505,3.26077,-0.0194129
0.0005055,3.20007,-0.0234072
0.000506,3.13736,-0.0277494
0.0005065,3.07269,-0.0324306
0.000507,3.00612,-0.0374414
0.0005075,2.93772,-0.0427718
0.000508,2.86754,-0.0484108
0.0005085,2.79565,-0.054347
0.000509,2.72212,-0.0605683
0.0005095,2.64701,-0.067062
0.00051,2.57039,-0.0738147
0.0005105,2.49233,-0.0808125
0.000511,2.41291,-0.088041
0.0005115,2.33219,-0.0954852
0.000512,2.25026,-0.103129
0.0005125,2.16718,-0.110958
0.000513,2.08303,-0.118954
0.0005135,1.99789,-0.127101
0.000514,1.91184,-0.135381
0.0005145,1.82495,-0.143777
0.000515,1.7373,-0.15227
0.0005155,1.64898,-0.160843
0.000516,1.56007,-0.169476
0.0005165,1.47064,-0.178151
0.000517,1.38079,-0.186848
0.0005175,1.29058,-0.195548
0.000518,1.20011,-0.204231
0.0005185,1.10945,-0.212877
0.000519,1.0187,-0.221467
0.0005195,0.927926,-0.229981
0.00052,0.83722,-0.238398
0.0005205,0.746662,-0.246698
0.000521,0.656337,-0.254862
0.0005215,0.566326,-0.262869
0.000522,0.476713,-0.270699
0.0005225,0.387578,-0.278333
0.000523,0.299004,-0.28575
0.0005235,0.211072,-0.292932
0.000524,0.123862,-0.299858
0.0005245,0.0374548,-0.30651
0.000525,-0.0480714,-0.312869
0.0005255,-0.132638,-0.318916
0.000526,-0.216168,-0.324632
0.0005265,-0.298584,-0.330001
0.000527,-0.379811,-0.335004
0.0005275,-0.459775,-0.339625
0.000528,-0.538402,-0.343846
0.0005285,-0.615621,-0.347651
0.000529,-0.69136,-0.351026
0.0005295,-0.765551,-0.353954
0.00053,-0.838125,-0.35642
0.0005305,-0.909017,-0.358412
0.000531,-0.97816,-0.359915
0.0005315,-1.04549,-0.360917
0.000532,-1.11095,-0.361406
0.0005325,-1.17448,-0.36137
0.000533,-1.23601,-0.360798
0.0005335,-1.2955,-0.35968
0.000534,-1.35289,-0.358007
0.0005345,-1.40812,-0.355771
0.000535,-1.46115,-0.352963
0.0005355,-1.51192,-0.349577
0.000536,-1.5604,-0.345607
0.0005365,-1.60653,-0.341047
0.000537,-1.65027,-0.335893
0.0005375,-1.69159,-0.330142
0.000538,-1.73044,-0.323789
0.0005385,-1.7668,-0.316835
0.000539,-1.80062,-0.309277
0.0005395,-1.83187,-0.301116
0.00054,-1.86053,-0.292352
0.0005405,-1.88658,-0.282988
0.000541,-1.90998,-0.273026
0.0005415,-1.93071,-0.262469
0.000542,-1.94877,-0.251323
0.0005425,-1.96412,-0.239592
0.000543,-1.97676,-0.227283
0.0005435,-1.98667,-0.214403
0.000544,-1.99385,-0.200961
0.0005445,-1.99829,-0.186965
0.000545,-1.99998,-0.172426
0.0005455,-1.99893,-0.157355
0.000546,-1.99513,-0.141763
0.0005465,-1.98859,-0.125663
0.000547,-1.97931,-0.109069
0.0005475,-1.9673,-0.0919961
0.000548,-1.95258,-0.0744584
0.0005485,-1.93515,-0.0564725
0.000549,-1.91504,-0.0380555
0.0005495,-1.89226,-0.0192251
0.00055,-1.86682,1.33105e-13
0.0005505,-1.83877,0.0196005
0.000551,-1.80811,0.0395563
0.0005515,-1.77489,0.0598466
0.000552,-1.73912,0.0804498
0.0005525,-1.70085,0.101344
0.000553,-1.6601,0.122505
0.0005535,-1.61692,0.143911
0.000554,-1.57134,0.165538
0.0005545,-1.5234,0.187359
0.000555,-1.47316,0.209352
0.0005555,-1.42065,0.231488
0.000556,-1.36593,0.253743
0.0005565,-1.30904,0.27609
0.000557,-1.25003,0.298501
0.0005575,-1.18897,0.320948
0.000558,-1.1259,0.343405
0.0005585,-1.06089,0.365843
0.000559,-0.993983,0.388234
0.0005595,-0.925255,0.410548
0.00056,-0.854764,0.432756
0.0005605,-0.782575,0.454831
0.000561,-0.708755,0.476741
0.0005615,-0.633369,0.498459
0.000562,-0.556488,0.519953
0.0005625,-0.478182,0.541196
0.000563,-0.398523,0.562157
0.0005635,-0.317583,0.582807
0.000564,-0.235436,0.603117
0.0005645,-0.152159,0.623057
0.000565,-0.0678266,0.642599
0.0005655,0.0174835,0.661713
0.000566,0.103693,0.68037
0.0005665,0.190723,0.698543
0.000567,0.278495,0.716204
0.0005675,0.366926,0.733324
0.000568,0.455938,0.749876
0.0005685,0.545447,0.765835
0.000569,0.635373,0.781172
0.0005695,0.725633,0.795862
0.00057,0.816144,0.80988
0.0005705,0.906823,0.823202
0.000571,0.997587,0.835802
0.0005715,1.08835,0.847658
0.000572,1.17904,0.858746
0.0005725,1.26956,0.869046
0.000573,1.35984,0.878534
0.0005735,1.44978,0.887191
0.000574,1.53932,0.894997
0.0005745,1.62836,0.901933
0.000575,1.71682,0.907981
0.0005755,1.80463,0.913124
0.000576,1.8917,0.917346
0.0005765,1.97796,0.920631
0.000577,2.06332,0.922966
0.0005775,2.1477,0.924338
0.000578,2.23104,0.924733
0.0005785,2.31325,0.924141
0.000579,2.39425,0.922553
0.0005795,2.47398,0.919958
0.00058,2.55236,0.91635
0.0005805,2.62932,0.911722
0.000581,2.70479,0.906067
0.0005815,2.77869,0.899383
0.000582,2.85097,0.891666
0.0005825,2.92155,0.882914
0.000583,2.99037,0.873126
0.0005835,3.05738,0.862303
0.000584,3.12249,0.850446
0.0005845,3.18567,0.837559
0.000585,3.24684,0.823646
0.0005855,3.30595,0.808713
0.000586,3.36296,0.792765
0.0005865,3.4178,0.775811
0.000587,3.47043,0.757861
0.0005875,3.52079,0.738925
0.000588,3.56885,0.719014
0.0005885,3.61455,0.698141
0.000589,3.65787,0.676321
0.0005895,3.69874,0.653569
0.00059,3.73715,0.629902
0.0005905,3.77305,0.605338
0.000591,3.80641,0.579895
0.0005915,3.8372,0.553593
0.000592,3.8654,0.526455
0.0005925,3.89097,0.498502
0.000593,3.91389,0.469759
0.0005935,3.93415,0.440249
0.000594,3.95172,0.409999
0.0005945,3.96659,0.379036
0.000595,3.97874,0.347387
0.0005955,3.98816,0.315081
0.000596,3.99485,0.282148
0.0005965,3.99879,0.248619
0.000597,3.99999,0.214526
0.0005975,3.99845,0.179901
0.000598,3.99416,0.144778
0.0005985,3.98712,0.109191
0.000599,3.97735,0.0731749
0.0005995,3.96486,0.0367657
0.0006,3.94965,6.01981e-14
0.0006005,3.93174,-0.037085
0.000601,3.91115,-0.0744516
0.0006015,3.88789,-0.112061
0.000602,3.86198,-0.149875
0.0006025,3.83346,-0.187853
0.000603,3.80234,-0.225955
0.0006035,3.76866,-0.264142
0.000604,3.73244,-0.302372
0.0006045,3.69372,-0.340604
0.000605,3.65253,-0.378797
0.0006055,3.60892,-0.416909
0.000606,3.56291,-0.454899
0.0006065,3.51456,-0.492723
0.000607,3.46391,-0.53034
0.0006075,3.411,-0.567708
0.000608,3.35588,-0.604785
0.0006085,3.29861,-0.641528
0.000609,3.23923,-0.677896
0.0006095,3.1778,-0.713846
0.00061,3.11438,-0.749337
0.0006105,3.04902,-0.784327
0.000611,2.98179,-0.818774
0.0006115,2.91274,-0.852639
0.000612,2.84194,-0.885881
0.0006125,2.76945,-0.918458
0.000613,2.69534,-0.950333
0.0006135,2.61968,-0.981465
0.000614,2.54254,-1.01182
0.0006145,2.46399,-1.04135
0.000615,2.38409,-1.07003
0.0006155,2.30293,-1.09781
0.000616,2.22058,-1.12466
0.0006165,2.1371,-1.15056
0.000617,2.05259,-1.17545
0.0006175,1.96711,-1.19932
0.000618,1.88075,-1.22212
0.0006185,1.79358,-1.24383
0.000619,1.70569,-1.26441
0.0006195,1.61715,-1.28384
0.00062,1.52804,-1.30209
0.0006205,1.43845,-1.31912
0.000621,1.34846,-1.33493
0.0006215,1.25815,-1.34947
0.000622,1.1676,-1.36273
0.0006225,1.0769,-1.37469
0.000623,0.986127,-1.38532
0.0006235,0.895368,-1.39461
0.000624,0.804706,-1.40253
0.0006245,0.714222,-1.40907
0.000625,0.624,-1.41421
0.0006255,0.534123,-1.41795
0.000626,0.444671,-1.42026
0.0006265,0.355729,-1.42114
0.000627,0.267376,-1.42058
0.0006275,0.179694,-1.41857
0.000628,0.0927626,-1.4151
0.0006285,0.00666218,-1.41017
0.000629,-0.0785287,-1.40377
0.0006295,-0.162732,-1.39591
0.00063,-0.245871,-1.38658
0.0006305,-0.327869,-1.37579
0.000631,-0.408651,-1.36353
0.0006315,-0.488144,-1.34981
0.000632,-0.566274,-1.33464
0.0006325,-0.64297,-1.31803
0.000633,-0.718162,-1.29999
0.0006335,-0.79178,-1.28052
0.000634,-0.863758,-1.25964
0.0006345,-0.93403,-1.23736
0.000635,-1.00253,-1.21371
0.0006355,-1.0692,-1.18869
0.000636,-1.13397,-1.16232
0.0006365,-1.19679,-1.13463
0.000637,-1.2576,-1.10564
0.0006375,-1.31634,-1.07538
0.000638,-1.37296,-1.04386
0.0006385,-1.42741,-1.01111
0.000639,-1.47963,-0.977162
0.0006395,-1.52958,-0.942047
0.00064,-1.57722,-0.905793
0.0006405,-1.6225,-0.868432
0.000641,-1.66538,-0.829999
0.0006415,-1.70582,-0.790528
0.000642,-1.74378,-0.750054
0.0006425,-1.77922,-0.708616
0.000643,-1.81213,-0.666252
0.0006435,-1.84245,-0.623001
0.000644,-1.87018,-0.578904
0.0006445,-1.89528,-0.534004
0.000645,-1.91772,-0.488343
0.0006455,-1.9375,-0.441965
0.000646,-1.95459,-0.394915
0.0006465,-1.96897,-0.347239
0.000647,-1.98063,-0.298984
0.0006475,-1.98956,-0.250196
0.000648,-1.99576,-0.200926
0.0006485,-1.99921,-0.151221
0.000649,-1.99992,-0.101131
0.0006495,-1.99788,-0.0507074
0.00065,-1.9931,-5.14185e-13
0.0006505,-1.98557,0.0509394
0.000651,-1.97531,0.102059
0.0006515,-1.96233,0.153306
0.000652,-1.94664,0.204629
0.0006525,-1.92824,0.255974
0.000653,-1.90717,0.307287
0.0006535,-1.88343,0.358517
0.000654,-1.85706,0.409608
0.0006545,-1.82807,0.460509
0.000655,-1.79649,0.511164
0.0006555,-1.76235,0.561521
0.000656,-1.72568,0.611525
0.0006565,-1.68651,0.661125
0.000657,-1.64488,0.710267
0.0006575,-1.60084,0.758897
0.000658,-1.55441,0.806964
0.0006585,-1.50564,0.854416
0.000659,-1.45458,0.901201
0.0006595,-1.40127,0.947268
0.00066,-1.34576,0.992567
0.0006605,-1.28811,1.03705
0.000661,-1.22836,1.08066
0.0006615,-1.16657,1.12336
0.000662,-1.10279,1.16509
0.0006625,-1.03709,1.20582
0.000663,-0.96953,1.24548
0.0006635,-0.900162,1.28405
0.000664,-0.829055,1.32147
0.0006645,-0.756272,1.35771
0.000665,-0.681882,1.39271
0.0006655,-0.605952,1.42644
0.000666,-0.528552,1.45887
0.0006665,-0.449752,1.48995
0.000667,-0.369624,1.51964
0.0006675,-0.288243,1.54791
0.000668,-0.205682,1.57473
0.0006685,-0.122017,1.60006
0.000669,-0.0373254,1.62388
0.0006695,0.0483164,1.64614
0.00067,0.13483,1.66683
0.0006705,0.222135,1.68592
0.000671,0.310152,1.70338
0.0006715,0.398802,1.71919
0.000672,0.488001,1.73333
0.0006725,0.57767,1.74577
0.000673,0.667725,1.7565
0.0006735,0.758084,1.76551
0.000674,0.848665,1.77277
0.0006745,0.939384,1.77827
0.000675,1.03016,1.78201
0.0006755,1.12091,1.78398
0.000676,1.21154,1.78416
0.0006765,1.30199,1.78255
0.000677,1.39215,1.77914
0.0006775,1.48196,1.77394
0.000678,1.57132,1.76695
0.0006785,1.66017,1.75816
0.000679,1.74841,1.74758
0.0006795,1.83596,1.73522
0.00068,1.92275,1.72108
0.0006805,2.00869,1.70518
0.000681,2.09371,1.68752
0.0006815,2.17773,1.66811
0.000682,2.26067,1.64698
0.0006825,2.34245,1.62413
0.000683,2.42301,1.5996
0.0006835,2.50226,1.57339
0.000684,2.58014,1.54553
0.0006845,2.65657,1.51604
0.000685,2.73149,1.48496
0.0006855,2.80482,1.4523
0.000686,2.87649,1.4181
0.0006865,2.94645,1.38239
0.000687,3.01463,1.3452
0.0006875,3.08096,1.30656
0.000688,3.14539,1.26652
0.0006885,3.20785,1.2251
0.000689,3.26829,1.18235
0.0006895,3.32665,1.13831
0.00069,3.38289,1.09302
0.0006905,3.43694,1.04652
0.000691,3.48876,0.998857
0.0006915,3.5383,0.95008
0.000692,3.58552,0.900233
0.0006925,3.63037,0.849365
0.000693,3.67281,0.797527
0.0006935,3.71281,0.744769
0.000694,3.75032,0.691142
0.0006945,3.78531,0.6367
0.000695,3.81776,0.581496
0.0006955,3.84762,0.525586
0.000696,3.87488,0.469024
0.0006965,3.8995,0.411868
0.000697,3.92147,0.354174
0.0006975,3.94076,0.296001
0.000698,3.95737,0.237406
0.0006985,3.97126,0.178449
0.000699,3.98243,0.119188
0.0006995,3.99088,0.0596855
0.0007,3.99658,1.098e-12
0.0007005,3.99954,-0.0598075
0.000701,3.99976,-0.119676
0.0007015,3.99722,-0.179545
0.000702,3.99195,-0.239353
0.0007025,3.98393,-0.299038
0.000703,3.97318,-0.35854
0.0007035,3.95971,-0.417797
0.000704,3.94353,-0.476749
0.0007045,3.92466,-0.535335
0.000705,3.90311,-0.593494
0.0007055,3.8789,-0.651166
0.000706,3.85205,-0.708292
0.0007065,3.82259,-0.764812
0.000707,3.79055,-0.820667
0.0007075,3.75595,-0.8758
0.000708,3.71883,-0.930152
0.0007085,3.67922,-0.983668
0.000709,3.63716,-1.03629
0.0007095,3.59268,-1.08797
0.00071,3.54583,-1.13864
0.0007105,3.49665,-1.18825
0.000711,3.44518,-1.23676
0.0007115,3.39147,-1.28411
0.000712,3.33558,-1.33026
0.0007125,3.27754,-1.37514
0.000713,3.21742,-1.41872
0.0007135,3.15527,-1.46094
0.000714,3.09115,-1.50177
0.0007145,3.02511,-1.54116
0.000715,2.95722,-1.57907
0.0007155,2.88753,-1.61545
0.000716,2.81612,-1.65027
0.0007165,2.74304,-1.68349
0.000717,2.66837,-1.71507
0.0007175,2.59217,-1.74499
0.000718,2.51452,-1.7732
0.0007185,2.43547,-1.79968
0.000719,2.35511,-1.82439
0.0007195,2.27352,-1.84731
0.00072,2.19075,-1.86842
0.0007205,2.1069,-1.88769
0.000721,2.02203,-1.9051
0.0007215,1.93622,-1.92062
0.000722,1.84956,-1.93425
0.0007225,1.76212,-1.94596
0.000723,1.67399,-1.95574
0.0007235,1.58523,-1.96359
0.000724,1.49594,-1.96948
0.0007245,1.4062,-1.97341
0.000725,1.31608,-1.97538
0.0007255,1.22568,-1.97537
0.000726,1.13507,-1.9734
0.0007265,1.04433,-1.96946
0.000727,0.953557,-1.96355
0.0007275,0.862823,-1.95567
0.000728,0.772215,-1.94584
0.0007285,0.681816,-1.93405
0.000729,0.591708,-1.92033
0.0007295,0.501974,-1.90468
0.00073,0.412696,-1.88711
0.0007305,0.323955,-1.86766
0.000731,0.235834,-1.84632
0.0007315,0.148412,-1.82312
0.000732,0.0617697,-1.79809
0.0007325,-0.0240133,-1.77125
0.000733,-0.108859,-1.74262
0.0007335,-0.192689,-1.71224
0.000734,-0.275427,-1.68013
0.0007345,-0.356998,-1.64632
0.000735,-0.437326,-1.61085
0.0007355,-0.516338,-1.57376
0.000736,-0.593962,-1.53507
0.0007365,-0.670126,-1.49483
0.000737,-0.744761,-1.45308
0.0007375,-0.817799,-1.40985
0.000738,-0.889172,-1.3652
0.0007385,-0.958815,-1.31917
0.000739,-1.02667,-1.2718
0.0007395,-1.09266,-1.22315
0.00074,-1.15674,-1.17325
0.0007405,-1.21884,-1.12216
0.000741,-1.27891,-1.06994
0.0007415,-1.3369,-1.01663
0.000742,-1.39275,-0.96229
0.0007425,-1.4464,-0.906973
0.000743,-1.49782,-0.850735
0.0007435,-1.54695,-0.793633
0.000744,-1.59374,-0.735726
0.0007445,-1.63816,-0.677071
0.000745,-1.68017,-0.617729
0.0007455,-1.71972,-0.557759
0.000746,-1.75679,-0.497223
0.0007465,-1.79132,-0.436181
0.000747,-1.82331,-0.374696
0.0007475,-1.8527,-0.31283
0.000748,-1.87949,-0.250647
0.0007485,-1.90364,-0.188208
0.000749,-1.92513,-0.125579
0.0007495,-1.94394,-0.0628212
0.00075,-1.96006,-1.68766e-12
0.0007505,-1.97346,0.0628212
0.000751,-1.98415,0.125579
0.0007515,-1.9921,0.188208
0.000752,-1.99731,0.250647
0.0007525,-1.99978,0.31283
0.000753,-1.9995,0.374696
0.0007535,-1.99648,0.436181
0.000754,-1.99071,0.497223
0.0007545,-1.9822,0.557759
0.000755,-1.97097,0.617729
0.0007555,-1.95701,0.677071
0.000756,-1.94035,0.735726
0.0007565,-1.92099,0.793633
0.000757,-1.89896,0.850735
0.0007575,-1.87427,0.906973
0.000758,-1.84696,0.96229
0.0007585,-1.81703,1.01663
0.000759,-1.78453,1.06994
0.0007595,-1.74948,1.12216
0.00076,-1.71191,1.17325
0.0007605,-1.67185,1.22315
0.000761,-1.62936,1.2718
0.0007615,-1.58445,1.31917
0.000762,-1.53718,1.3652
0.0007625,-1.48758,1.40985
0.000763,-1.43571,1.45308
0.0007635,-1.3816,1.49483
0.000764,-1.32532,1.53507
0.0007645,-1.26691,1.57376
0.000765,-1.20642,1.61085
0.0007655,-1.14391,1.64632
0.000766,-1.07944,1.68013
0.0007665,-1.01306,1.71224
0.000767,-0.944845,1.74262
0.0007675,-0.874845,1.77125
0.000768,-0.803129,1.79809
0.0007685,-0.729762,1.82312
0.000769,-0.654812,1.84632
0.0007695,-0.578346,1.86766
0.00077,-0.500435,1.88711
0.0007705,-0.421151,1.90468
0.000771,-0.340565,1.92033
0.0007715,-0.258752,1.93405
0.000772,-0.175786,1.94584
0.0007725,-0.0917438,1.95567
0.000773,-0.00670196,1.96355
0.0007735,0.0792616,1.96946
0.000774,0.166068,1.9734
0.0007745,0.253638,1.97537
0.000775,0.341892,1.97538
0.0007755,0.430748,1.97341
0.000776,0.520125,1.96948
0.0007765,0.609941,1.96359
0.000777,0.700115,1.95574
0.0007775,0.790563,1.94596
0.000778,0.881203,1.93425
0.0007785,0.971952,1.92062
0.000779,1.06273,1.9051
0.0007795,1.15344,1.88769
0.00078,1.24402,1.86842
0.0007805,1.33437,1.84731
0.000781,1.42442,1.82439
0.0007815,1.51408,1.79968
0.000782,1.60327,1.7732
0.0007825,1.6919,1.74499
0.000783,1.7799,1.71507
0.0007835,1.86719,1.68349
0.000784,1.95369,1.65027
0.0007845,2.03931,1.61545
0.000785,2.12398,1.57907
0.0007855,2.20762,1.54116
0.000786,2.29015,1.50177
0.0007865,2.3715,1.46094
0.000787,2.4516,1.41872
0.0007875,2.53037,1.37514
0.000788,2.60774,1.33026
0.0007885,2.68363,1.28411
0.000789,2.75798,1.23676
0.0007895,2.83073,1.18825
0.00079,2.9018,1.13864
0.0007905,2.97112,1.08797
0.000791,3.03864,1.03629
0.0007915,3.1043,0.983668
0.000792,3.16803,0.930152
0.0007925,3.22977,0.8758
0.000793,3.28947,0.820667
0.0007935,3.34708,0.764812
0.000794,3.40254,0.708292
0.0007945,3.45579,0.651166
0.000795,3.5068,0.593494
0.0007955,3.55551,0.535335
0.000796,3.60189,0.476749
0.0007965,3.64588,0.417797
0.000797,3.68745,0.35854
0.0007975,3.72656,0.299038
0.000798,3.76317,0.239353
0.0007985,3.79725,0.179545
0.000799,3.82877,0.119676
0.0007995,3.8577,0.0598075
0.0008,3.88402,2.11212e-12
0.0008005,3.90769,-0.0596855
0.000801,3.9287,-0.119188
0.0008015,3.94703,-0.178449
0.000802,3.96266,-0.237406
0.0008025,3.97558,-0.296001
0.000803,3.98578,-0.354174
0.0008035,3.99324,-0.411868
0.000804,3.99796,-0.469024
0.0008045,3.99993,-0.525586
0.000805,3.99916,-0.581496
0.0008055,3.99565,-0.6367
0.000806,3.98939,-0.691142
0.0008065,3.98039,-0.744769
0.000807,3.96866,-0.797527
0.0008075,3.95422,-0.849365
0.000808,3.93707,-0.900233
0.0008085,3.91723,-0.95008
0.000809,3.89472,-0.998857
0.0008095,3.86957,-1.04652
0.00081,3.84178,-1.09302
0.0008105,3.81139,-1.13831
0.000811,3.77843,-1.18235
0.0008115,3.74292,-1.2251
0.000812,3.7049,-1.26652
0.0008125,3.66441,-1.30656
0.000813,3.62148,-1.3452
0.0008135,3.57614,-1.38239
0.000814,3.52845,-1.4181
0.0008145,3.47844,-1.4523
0.000815,3.42616,-1.48496
0.0008155,3.37167,-1.51604
0.000816,3.315,-1.54553
0.0008165,3.25621,-1.57339
0.000817,3.19535,-1.5996
0.0008175,3.13249,-1.62413
0.000818,3.06767,-1.64698
0.0008185,3.00096,-1.66811
0.000819,2.93242,-1.68752
0.0008195,2.8621,-1.70518
0.00082,2.79009,-1.72108
0.0008205,2.71643,-1.73522
0.000821,2.6412,-1.74758
0.0008215,2.56447,-1.75816
0.000822,2.48631,-1.76695
0.0008225,2.40679,-1.77394
0.000823,2.32598,-1.77914
0.0008235,2.24395,-1.78255
0.000824,2.16079,-1.78416
0.0008245,2.07656,-1.78398
0.000825,1.99135,-1.78201
0.0008255,1.90522,-1.77827
0.000826,1.81828,-1.77277
0.0008265,1.73058,-1.76551
0.000827,1.64221,-1.7565
0.0008275,1.55325,-1.74577
0.000828,1.46379,-1.73333
0.0008285,1.37391,-1.71919
0.000829,1.28368,-1.70338
0.0008295,1.19319,-1.68592
0.00083,1.10252,-1.66683
0.0008305,1.01176,-1.64614
0.000831,0.920992,-1.62388
0.0008315,0.830294,-1.60006
0.000832,0.739751,-1.57473
0.0008325,0.649447,-1.54791
0.000833,0.559464,-1.51964
0.0008335,0.469884,-1.48995
0.000834,0.380789,-1.45887
0.0008345,0.292261,-1.42644
0.000835,0.204382,-1.39271
0.0008355,0.11723,-1.35771
0.000836,0.0308875,-1.32147
0.0008365,-0.0545682,-1.28405
0.000837,-0.139058,-1.24548
0.0008375,-0.222505,-1.20582
0.000838,-0.304833,-1.16509
0.0008385,-0.385967,-1.12336
0.000839,-0.465831,-1.08066
0.0008395,-0.544353,-1.03705
0.00084,-0.621461,-0.992567
0.0008405,-0.697085,-0.947268
0.000841,-0.771154,-0.901201
0.0008415,-0.843603,-0.854416
0.000842,-0.914363,-0.806964
0.0008425,-0.98337,-0.758897
0.000843,-1.05056,-0.710267
0.0008435,-1.11588,-0.661125
0.000844,-1.17925,-0.611525
0.0008445,-1.24063,-0.561521
0.000845,-1.29996,-0.511164
0.0008455,-1.35719,-0.460509
0.000846,-1.41225,-0.409608
0.0008465,-1.46511,-0.358517
0.000847,-1.51571,-0.307287
0.0008475,-1.56401,-0.255974
0.000848,-1.60996,-0.204629
0.0008485,-1.65352,-0.153306
0.000849,-1.69465,-0.102059
0.0008495,-1.73331,-0.0509394
0.00085,-1.76947,-2.21651e-12
0.0008505,-1.80309,0.0507074
0.000851,-1.83415,0.101131
0.0008515,-1.86262,0.151221
0.000852,-1.88846,0.200926
0.0008525,-1.91166,0.250196
0.000853,-1.93219,0.298984
0.0008535,-1.95003,0.347239
0.000854,-1.96518,0.394915
0.0008545,-1.97761,0.441965
0.000855,-1.98732,0.488343
0.0008555,-1.99429,0.534004
0.000856,-1.99851,0.578904
0.0008565,-2,0.623001
0.000857,-1.99873,0.666252
0.0008575,-1.99472,0.708616
0.000858,-1.98797,0.750054
0.0008585,-1.97849,0.790528
0.000859,-1.96627,0.829999
0.0008595,-1.95134,0.868432
0.00086,-1.93371,0.905793
0.0008605,-1.91339,0.942047
0.000861,-1.89041,0.977162
0.0008615,-1.86477,1.01111
0.000862,-1.83652,1.04386
0.0008625,-1.80567,1.07538
0.000863,-1.77224,1.10564
0.0008635,-1.73628,1.13463
0.000864,-1.69782,1.16232
0.0008645,-1.65689,1.18869
0.000865,-1.61352,1.21371
0.0008655,-1.56776,1.23736
0.000866,-1.51965,1.25964
0.0008665,-1.46923,1.28052
0.000867,-1.41655,1.29999
0.0008675,-1.36166,1.31803
0.000868,-1.3046,1.33464
0.0008685,-1.24544,1.34981
0.000869,-1.18422,1.36353
0.0008695,-1.121,1.37579
0.00087,-1.05584,1.38658
0.0008705,-0.988795,1.39591
0.000871,-0.91993,1.40377
0.0008715,-0.849307,1.41017
0.000872,-0.776991,1.4151
0.0008725,-0.703048,1.41857
0.000873,-0.627546,1.42058
0.0008735,-0.550554,1.42114
0.000874,-0.472142,1.42026
0.0008745,-0.392382,1.41795
0.000875,-0.311347,1.41421
0.0008755,-0.229112,1.40907
0.000876,-0.145751,1.40253
0.0008765,-0.0613414,1.39461
0.000877,0.0240402,1.38532
0.0008775,0.110315,1.37469
0.000878,0.197405,1.36273
0.0008785,0.28523,1.34947
0.000879,0.373708,1.33493
0.0008795,0.462761,1.31912
0.00088,0.552305,1.30209
0.0008805,0.642259,1.28384
0.000881,0.732541,1.26441
0.0008815,0.823068,1.24383
0.000882,0.913756,1.22212
0.0008825,1.00452,1.19932
0.000883,1.09529,1.17545
0.0008835,1.18596,1.15056
0.000884,1.27647,1.12466
0.0008845,1.36672,1.09781
0.000885,1.45664,1.07003
0.0008855,1.54614,1.04135
0.000886,1.63514,1.01182
0.0008865,1.72355,0.981465
0.000887,1.81131,0.950333
0.0008875,1.89832,0.918458
0.000888,1.98451,0.885881
0.0008885,2.0698,0.852639
0.000889,2.15411,0.818774
0.0008895,2.23736,0.784327
0.00089,2.31948,0.749337
0.0008905,2.40039,0.713846
0.000891,2.48002,0.677896
0.0008915,2.55829,0.641528
0.000892,2.63514,0.604785
0.0008925,2.71049,0.567708
0.000893,2.78427,0.53034
0.0008935,2.85642,0.492723
0.000894,2.92687,0.454899
0.0008945,2.99556,0.416909
0.000895,3.06242,0.378797
0.0008955,3.12739,0.340604
0.000896,3.19041,0.302372
0.0008965,3.25143,0.264142
0.000897,3.31039,0.225955
0.0008975,3.36723,0.187853
0.000898,3.4219,0.149875
0.0008985,3.47436,0.112061
0.000899,3.52455,0.0744516
0.0008995,3.57242,0.037085
0.0009,3.61795,1.92377e-12
0.0009005,3.66108,-0.0367657
0.000901,3.70177,-0.0731749
0.0009015,3.73998,-0.109191
0.000902,3.77569,-0.144778
0.0009025,3.80886,-0.179901
0.000903,3.83945,-0.214526
0.0009035,3.86745,-0.248619
0.000904,3.89282,-0.282148
0.0009045,3.91554,-0.315081
0.000905,3.93559,-0.347387
0.0009055,3.95295,-0.379036
0.000906,3.96761,-0.409999
0.0009065,3.97955,-0.440249
0.000907,3.98877,-0.469759
0.0009075,3.99525,-0.498502
0.000908,3.99898,-0.526455
0.0009085,3.99997,-0.553593
0.000909,3.99822,-0.579895
0.0009095,3.99371,-0.605338
0.00091,3.98647,-0.629902
0.0009105,3.9765,-0.653569
0.000911,3.96379,-0.676321
0.0009115,3.94838,-0.698141
0.000912,3.93026,-0.719014
0.0009125,3.90946,-0.738925
0.000913,3.886,-0.757861
0.0009135,3.8599,-0.775811
0.000914,3.83117,-0.792765
0.0009145,3.79986,-0.808713
0.000915,3.76598,-0.823646
0.0009155,3.72957,-0.837559
0.000916,3.69066,-0.850446
0.0009165,3.64928,-0.862303
0.000917,3.60548,-0.873126
0.0009175,3.5593,-0.882914
0.000918,3.51077,-0.891666
0.0009185,3.45994,-0.899383
0.000919,3.40686,-0.906067
0.0009195,3.35158,-0.911722
0.00092,3.29414,-0.91635
0.0009205,3.23461,-0.919958
0.000921,3.17302,-0.922553
0.0009215,3.10945,-0.924141
0.000922,3.04395,-0.924733
0.0009225,2.97657,-0.924338
0.000923,2.90739,-0.922966
0.0009235,2.83646,-0.920631
0.000924,2.76384,-0.917346
0.0009245,2.68962,-0.913124
0.000925,2.61384,-0.907981
0.0009255,2.53659,-0.901933
0.000926,2.45793,-0.894997
0.0009265,2.37794,-0.887191
0.000927,2.29668,-0.878534
0.0009275,2.21424,-0.869046
0.000928,2.13068,-0.858746
0.0009285,2.04609,-0.847658
0.000929,1.96055,-0.835802
0.0009295,1.87412,-0.823202
0.00093,1.78689,-0.80988
0.0009305,1.69894,-0.795862
0.000931,1.61036,-0.781172
0.0009315,1.52121,-0.765835
0.000932,1.43158,-0.749876
0.0009325,1.34157,-0.733324
0.000933,1.25123,-0.716204
0.0009335,1.16067,-0.698543
0.000934,1.06996,-0.68037
0.0009345,0.97919,-0.661713
0.000935,0.888436,-0.642599
0.0009355,0.797785,-0.623057
0.000936,0.707318,-0.603117
0.0009365,0.617119,-0.582807
0.000937,0.527271,-0.562157
0.0009375,0.437856,-0.541196
0.000938,0.348956,-0.519953
0.0009385,0.260651,-0.498459
0.000939,0.173024,-0.476741
0.0009395,0.0861531,-0.454831
0.00094,0.000119496,-0.432756
0.0009405,-0.0849987,-0.410548
0.000941,-0.169123,-0.388234
0.0009415,-0.252178,-0.365843
0.000942,-0.334086,-0.343405
0.0009425,-0.414772,-0.320948
0.000943,-0.494163,-0.298501
0.0009435,-0.572186,-0.27609
0.000944,-0.64877,-0.253743
0.0009445,-0.723844,-0.231488
0.000945,-0.797339,-0.209352
0.0009455,-0.869189,-0.187359
0.000946,-0.939328,-0.165538
0.0009465,-1.00769,-0.143911
0.000947,-1.07422,-0.122505
0.0009475,-1.13884,-0.101344
0.000948,-1.20151,-0.0804498
0.0009485,-1.26216,-0.0598466
0.000949,-1.32074,-0.0395563
0.0009495,-1.3772,-0.0196005
0.00095,-1.43148,-1.17614e-12
0.0009505,-1.48353,0.0192251
0.000951,-1.53331,0.0380555
0.0009515,-1.58077,0.0564725
0.000952,-1.62586,0.0744584
0.0009525,-1.66856,0.0919961
0.000953,-1.7088,0.109069
0.0009535,-1.74657,0.125663
0.000954,-1.78183,0.141763
0.0009545,-1.81453,0.157355
0.000955,-1.84467,0.172426
0.0009555,-1.87219,0.186965
0.000956,-1.89709,0.200961
0.0009565,-1.91933,0.214403
0.000957,-1.9389,0.227283
0.0009575,-1.95578,0.239592
0.000958,-1.96995,0.251323
0.0009585,-1.98141,0.262469
0.000959,-1.99013,0.273026
0.0009595,-1.99612,0.282988
0.00096,-1.99936,0.292352
0.0009605,-1.99986,0.301116
0.000961,-1.99761,0.309277
0.0009615,-1.99262,0.316835
0.000962,-1.98488,0.323789
0.0009625,-1.97442,0.330142
0.000963,-1.96123,0.335893
0.0009635,-1.94533,0.341047
0.000964,-1.92673,0.345607
0.0009645,-1.90545,0.349577
0.000965,-1.88151,0.352963
0.0009655,-1.85494,0.355771
0.000966,-1.82574,0.358007
0.0009665,-1.79397,0.35968
0.000967,-1.75963,0.360798
0.0009675,-1.72277,0.36137
0.000968,-1.68341,0.361406
0.0009685,-1.6416,0.360917
0.000969,-1.59737,0.359915
0.0009695,-1.55076,0.358412
0.00097,-1.50182,0.35642
0.0009705,-1.45058,0.353954
0.000971,-1.39711,0.351026
0.0009715,-1.34143,0.347651
0.000972,-1.28362,0.343846
0.0009725,-1.22371,0.339625
0.000973,-1.16176,0.335004
0.0009735,-1.09784,0.330001
0.000974,-1.032,0.324632
0.0009745,-0.964292,0.318916
0.000975,-0.894789,0.312869
0.0009755,-0.823551,0.30651
0.000976,-0.750644,0.299858
0.0009765,-0.676134,0.292932
0.000977,-0.600089,0.28575
0.0009775,-0.522579,0.278333
0.000978,-0.443675,0.270699
0.0009785,-0.363449,0.262869
0.000979,-0.281975,0.254862
0.0009795,-0.199327,0.246698
0.00098,-0.115581,0.238398
0.0009805,-0.0308139,0.229981
0.000981,0.0548973,0.221467
0.0009815,0.141474,0.212877
0.000982,0.228836,0.204231
0.0009825,0.316905,0.195548
0.000983,0.405599,0.186848
0.0009835,0.494837,0.178151
0.000984,0.584538,0.169476
0.0009845,0.674619,0.160843
0.000985,0.764999,0.15227
0.0009855,0.855593,0.143777
0.000986,0.946319,0.135381
0.0009865,1.03709,0.127101
0.000987,1.12784,0.118954
0.0009875,1.21846,0.110958
0.000988,1.30889,0.103129
0.0009885,1.39903,0.0954852
0.000989,1.4888,0.088041
0.0009895,1.57813,0.0808125
0.00099,1.66693,0.0738147
0.0009905,1.75512,0.067062
0.000991,1.84262,0.0605683
0.0009915,1.92935,0.054347
0.000992,2.01522,0.0484108
0.0009925,2.10017,0.0427718
0.000993,2.1841,0.0374414
0.0009935,2.26696,0.0324306
0.000994,2.34865,0.0277494
0.0009945,2.42911,0.0234072
0.000995,2.50826,0.0194129
0.0009955,2.58603,0.0157745
0.000996,2.66235,0.0124992
0.0009965,2.73715,0.00959367
0.000997,2.81035,0.00706369
0.0009975,2.8819,0.00491433
0.000998,2.95172,0.00314988
0.0009985,3.01976,0.00177387
0.000999,3.08595,0.000789044
0.0009995,3.15023,0.000197359
0.001,3.21254,6.87683e-25
